<?xml version="1.0" encoding="UTF-8"?>
<beans xmlns="http://www.springframework.org/schema/beans" xmlns:xsi="http://www.w3.org/2001/XMLSchema-instance" xmlns:tx="http://www.springframework.org/schema/tx"
	xmlns:cache="http://www.springframework.org/schema/cache" xmlns:p="http://www.springframework.org/schema/p" xmlns:context="http://www.springframework.org/schema/context"
	xmlns:task="http://www.springframework.org/schema/task"
	xmlns:aop = "http://www.springframework.org/schema/aop"
	xsi:schemaLocation="http://www.springframework.org/schema/beans 
	http://www.springframework.org/schema/beans/spring-beans.xsd
	http://www.springframework.org/schema/tx
    http://www.springframework.org/schema/tx/spring-tx.xsd
	http://www.springframework.org/schema/context
    http://www.springframework.org/schema/context/spring-context.xsd
    http://www.springframework.org/schema/task      
    http://www.springframework.org/schema/task/spring-task.xsd
    http://www.springframework.org/schema/aop 
   	http://www.springframework.org/schema/aop/spring-aop.xsd">


	<context:component-scan base-package="com.qfc" />
	<context:annotation-config />
	<context:spring-configured />

	<aop:aspectj-autoproxy />

<!-- MySQL -->
	<bean class="com.mchange.v2.c3p0.ComboPooledDataSource" id="dataSource" destroy-method="close">
		<property name="driverClass" value="com.mysql.cj.jdbc.Driver" />
		
		<!-- Localhost -->
		<property name="jdbcUrl" value="jdbc:mysql://localhost:3306/qfc_cbre?useSSL=false" />
		<property name="user" value="root" />
		<property name="password" value="password" />
		
		<property name="minPoolSize" value="3" />
		<property name="maxPoolSize" value="10" />
		<property name="numHelperThreads" value="10" />
		<property name="maxStatements" value="50" />
		<property name="maxIdleTime" value="300" />
		<property name="acquireIncrement" value="10" />
		<property name="unreturnedConnectionTimeout" value="60" />
		<property name="maxConnectionAge" value="90" />
		<property name="idleConnectionTestPeriod" value="1000" />
	</bean>
	
	<bean class="org.springframework.orm.hibernate5.LocalSessionFactoryBean" id="sessionFactory">
		<property ref="dataSource" name="dataSource" />
		<property name="packagesToScan" value="com.qfc.cbre.rule.dto,com.qfc.cbre.rule.transactions.dto,com.qfc.cbre.rule.input.master.dto" />
		<property name="hibernateProperties">
			<props>
				<prop key="hibernate.dialect">org.hibernate.dialect.MySQL5InnoDBDialect</prop>
				<prop key="hibernate.show_sql">true</prop>
				<prop key="hibernate.hbm2ddl.auto">update</prop>
				<prop key="hibernate.generateDdl">true</prop>
				<prop key="hibernate.format_sql">false</prop>
				<prop key="hibernate.use_sql_comments">false</prop>
				<prop key="hibernate.auto_close_sesions">true</prop>
				 <prop key="org.hibernate.envers.versionsTableSuffix">_aud</prop>
				<prop key="org.hibernate.envers.revisionFieldName">ver_rev</prop>
				
				<prop key="hibernate.javax.cache.missing_cache_strategy">create</prop>
				
				<prop key="hibernate.cache.use_second_level_cache">true</prop>
				<prop key="hibernate.cache.region.factory_class">org.hibernate.cache.jcache.JCacheRegionFactory</prop>
				 <prop key="hibernate.javax.cache.provider">org.ehcache.jsr107.EhcacheCachingProvider</prop>
				<prop key="hibernate.cache.use_query_cache">true</prop>
				<prop key="hibernate.cache.region_prefix">second_level_cache</prop>
				
			</props>
		</property>
	</bean>
	
	<tx:annotation-driven transaction-manager="transactionManager" />
	<bean class="org.springframework.orm.hibernate5.HibernateTransactionManager" id="transactionManager">
		<property ref="sessionFactory" name="sessionFactory" />
	</bean>
	
	<bean id="mapper" class="org.dozer.DozerBeanMapper">
        <property name="mappingFiles">
            <list>
                <value>dozer-mapping.xml</value>
            </list>
        </property>
    </bean>
    
</beans>
