<?xml version="1.0" encoding="UTF-8"?>
<configuration>

	<property name="DEV_HOME" value="/qfc_apps/apache-tomcat-9.0.1/logs/" />

	<contextName>qweb</contextName>

	<jmxConfigurator />

	<appender name="CONSOLE" class="ch.qos.logback.core.ConsoleAppender">
		<encoder>
			<pattern>%p [%t] %c{1}.%M\(%L\) | %m%n</pattern>
		</encoder>
	</appender>

	<!-- This appender to catch all except trace -->
	<appender name="DEBUG_FILE" class="ch.qos.logback.core.rolling.RollingFileAppender">
		<file>${DEV_HOME}/qcam_debug.log</file>
		<append>true</append>
<!-- 		<rollingPolicy class="ch.qos.logback.core.rolling.TimeBasedRollingPolicy">
			<fileNamePattern>${DEV_HOME}/qfc_qbre_debug.log.%d{yyyy-MM-dd}.gz</fileNamePattern>
		</rollingPolicy> --> 
		<rollingPolicy class="ch.qos.logback.core.rolling.SizeAndTimeBasedRollingPolicy">
			<fileNamePattern>${DEV_HOME}/qcam_debug.log.%d{yyyy-MM-dd}.%i.gz</fileNamePattern>
			<maxFileSize>20MB</maxFileSize>
		</rollingPolicy>
		<filter class="ch.qos.logback.classic.filter.ThresholdFilter">
			<level>INFO</level>
		</filter>
		<encoder>
			<pattern>%d{ISO8601} %-5p [%c{3}] \(%t:%X{}\) %m%n</pattern>
		</encoder>
	</appender>

	<!-- This appender to catch only errors -->
	<appender name="ERROR_FILE" class="ch.qos.logback.core.rolling.RollingFileAppender">
		<file>${DEV_HOME}/qcam_error.log</file>
		<append>true</append>
<!-- 	<rollingPolicy class="ch.qos.logback.core.rolling.TimeBasedRollingPolicy">
			<fileNamePattern>${DEV_HOME}/qfc_qbre_error.log.%d{yyyy-MM-dd}.gz</fileNamePattern>
		</rollingPolicy>  -->
		<rollingPolicy class="ch.qos.logback.core.rolling.SizeAndTimeBasedRollingPolicy">
			<fileNamePattern>${DEV_HOME}/qcam_error.log.%d{yyyy-MM-dd}.%i.gz</fileNamePattern>
			<maxFileSize>20MB</maxFileSize>
		</rollingPolicy>

		<filter class="ch.qos.logback.classic.filter.ThresholdFilter">
			<level>ERROR</level>
		</filter>
		<encoder>
			<pattern>%d{ISO8601} %-5p [%c{3}] \(%t:%X{}\) %m%n</pattern>
		</encoder>
	</appender>

	<appender name="DB_CONN" class="ch.qos.logback.classic.sift.SiftingAppender">
		<discriminator>
			<key>logFileName</key>
			<defaultValue>db-conn</defaultValue>
		</discriminator>
		<sift>
			<appender name="FILE-${logFileName}" class="ch.qos.logback.core.rolling.RollingFileAppender">
				<file>${DEV_HOME}/${logFileName}.log</file>
				<encoder class="ch.qos.logback.classic.encoder.PatternLayoutEncoder">
					<Pattern>
						%d{yyyy-MM-dd HH:mm:ss} %mdc [%thread] %level %logger{35} - %msg%n
					</Pattern>
				</encoder>
				<rollingPolicy class="ch.qos.logback.core.rolling.FixedWindowRollingPolicy">
					<FileNamePattern>${DEV_HOME}/${logFileName}.%i.log.zip
					</FileNamePattern>
					<MinIndex>1</MinIndex>
					<MaxIndex>100</MaxIndex>
				</rollingPolicy>
				<triggeringPolicy class="ch.qos.logback.core.rolling.SizeBasedTriggeringPolicy">
					<MaxFileSize>10MB</MaxFileSize>
				</triggeringPolicy>
			</appender>
		</sift>
	</appender>

	<root>
		<level value="${logger.root.level}" />
		<appender-ref ref="CONSOLE" />
		<appender-ref ref="DEBUG_FILE" />
		<appender-ref ref="ERROR_FILE" />
	</root>

	<!-- Third Parties Logs -->
	<logger name="org.springframework"> 
<!-- 		<level value="WARN" /> -->
		<level value="OFF" />
	</logger>
	<logger name="org.hibernate">
		<level value="OFF" />
	</logger>
	<logger name="org">
		<level value="OFF" />
	</logger>
	<logger name="com.mchange">
		<level value="OFF" />
	</logger>
<!-- 	<logger name="com.mchange"> -->
<!-- 		<level value="WARN" /> -->
<!-- 	</logger> -->
	<logger name="com.mchange" level="WARN" additivity="false">
		<appender-ref ref="DB_CONN" />
	</logger>
	<!-- org.dozer -->
	<logger name="org.dozer">
		<level value="OFF" />
	</logger>
	<logger name="org.drools.core">
		<level value="OFF"/>
	</logger>
	<logger name="com.qfc">
		<level value="OFF" />
	</logger>

</configuration>